<?xml version="1.0" encoding="UTF-8" standalone="yes"?>
<addon id="plugin.video.Spokes"
       name="Spokes"
       version="0.0.4"
       provider-name="Shorty">
  <requires>
    <import addon="xbmc.python" version="2.1.0"/>
    <import addon="plugin.video.youtube" version="3.0.0"/>
    <import addon="script.module.urlresolver" version=""/>
    <import addon="script.module.requests"    version="2.12.4"/>
    <import addon="script.module.beautifulsoup4" version="4.3.2"/>
     <import addon="script.module.simple.downloader" version="1.9.5"/> 
    <import addon="script.module.beautifulsoup" version="3.2.1"/>
    <import addon="script.module.requests" />
    <import addon="script.module.httplib2" />
    <import addon="script.module.liveresolver" version="0.1.24" optional="true"/>
    <import addon="script.module.youtube.dl" optional="true"/>
    <import addon="script.module.simplejson" />    
     <import addon="script.module.livestreamer" optional="true"/>
     <import addon="script.module.pyamf" optional="true"/>
  </requires>
  <extension point="xbmc.python.pluginsource" library="spokes.py">
    <provides>video</provides>
  </extension>
  <extension point="xbmc.addon.metadata">
    <summary lang="en">Ingles</summary>
    <description lang="en">Complemento de video Ejemplo</description>
    <summary lang="es">Ejemplo</summary>
    <description lang="es">Complemento de video Ejemplo</description>
    <platform>all</platform>
  </extension>
</addon>
